Item ID,Image(s),Category,Observation Type,Detail,Action Needed
TOP-01,Img 1,T-Shirt,Brand identification,Faint chest text visible on the white tee - possible Calvin Klein logo but photo resolution insufficient to confirm. Brand currently logged as 'Possibly Calvin Klein'.,Confirm brand by checking the physical garment (inner neck tag or chest embroidery)
TOP-01,Img 1,T-Shirt,Condition,"A small mid-chest mark is visible - could be a stain, a shadow from creasing, or print fading. Cannot distinguish from photo.","Inspect physically - if a stain, may need cleaning before next wear"
TOP-01,Img 1,T-Shirt,Fit verification,No worn photo available. Flat lay reads boxy/relaxed but on an athletic 6'0 frame this could fall as a clean regular fit.,Worn photo would resolve fit ambiguity
TOP-02,Img 2,Shirt,Item identification,"Garment is folded/bunched in the only available photo. Cannot determine: garment type (camp collar shirt vs short-sleeve printed shirt vs tee), fit, length, silhouette, neckline, sleeve construction, condition.",Re-photograph this item laid flat AND with a worn shot - currently the lowest-fidelity entry in the catalog
TOP-02,Img 2,Shirt,Color/print accuracy,Print includes what appear to be tigers + foliage + small floral elements - but folded state may be obscuring the full motif.,Flat-lay re-photo will confirm full pattern
TOP-03,Img 3 and Img 4,Sweater,Possible duplicate,Img 3 and Img 4 appear to show the SAME open-knit grey mock-neck sweater at slightly different orientations. Merged into TOP-03. Confirm this is correct - not two near-identical sweaters.,"Visually verify only one such sweater exists, or split into TOP-03a / TOP-03b if there are two"
TOP-03,Img 3 and Img 4,Sweater,Fit verification,No worn photo. Open-knit drop-shoulder sweaters often look very boxy flat but sit relaxed on an athletic frame. Cannot confirm whether 'relaxed' here means 'oversized' or 'tailored relaxed'.,Worn photo required to lock in fit/silhouette
TOP-04,Img 5,T-Shirt,Brand identification,Chest graphic style suggests a festival/eco/nature brand (possible 'Wild Earth' text visible) but the print is small and partially faded by acid wash. Logged as Unidentified.,Confirm brand from neck tag
TOP-04,Img 5,T-Shirt,Condition,"The garment shows fading/mottling consistent with intentional acid-wash treatment, but it's hard to distinguish design wash from genuine wear in this photo. May or may not be a heavily-worn item.",Physical inspection to differentiate design vs genuine wear
TOP-05,Img 6,T-Shirt,Brand identification,Neck label typography resembles H&M but is not fully legible. Logged as 'Possibly H&M'.,Confirm from physical neck tag
TOP-05,Img 6,T-Shirt,Skin tone caution,Warm sand/beige sits very close to a light brown complexion. This piece carries a real risk of disappearing into the skin tone in photos and in low light - flagged in the catalog. Recommend pairing logic later should account for high-contrast bottoms and accessories.,No action - flag is for downstream pairing decisions
BOT-01,Img 8,Trousers,Skin tone caution,"Warm khaki/tan trousers sit close to a light brown skin tone. Less risky than a beige top (the legs are usually further from the face), but still flagged - certain shoe/top pairings could create a single warm-neutral block that visually mutes the outfit.",No action - flag is for downstream pairing decisions
BOT-01,Img 8,Trousers,Fit verification,No worn photo. Wide-leg pleated trousers can read as deliberately oversized-cool OR as ill-fitting-frumpy depending on rise sit and where the leg breaks on the shoe. Cannot tell from flat lay.,Worn photo needed - especially showing the hem break
BOT-02,Img 9,Trousers,Brand identification,Hangtag visible at waistband but text not legible in photo. New with tags.,"Read the hangtag - the brand is right there, just unreadable in the photo"
BOT-02,Img 9,Trousers,Fit verification,No worn photo. Same uncertainty as BOT-01 regarding hem break and rise sit.,Try on and capture a worn photo before logging fit confidence
GENERAL,Batch 1 (Img 1-10),—,Photography pattern,Every item in this batch is a flat lay. No worn photos exist for any of the 9 unique items. All fit/silhouette/drape data is provisional and must be confirmed with worn photos before pairing logic is built in Pass 2.,Recommend a separate worn-photo shoot for items that survive triage
TOP-07,Img 11,Shirt,Brand identification,Small inner-collar label is visible but text resolution is insufficient to identify the brand. Logged as 'Unidentified'.,Read the inner neck tag physically to confirm brand
TOP-07,Img 11,Shirt,Fabric ambiguity,Lightweight white fabric with visible texture - could be cotton poplin OR a cotton-linen blend. Cannot distinguish from photo alone.,Care label inspection would resolve fabric exactly
TOP-08,Img 12,Shirt,Fit verification,No worn photo available. American Eagle linen shirts often run boxy in flat lay but sit relaxed-regular on athletic frames.,Worn photo recommended to lock in fit confidence
BOT-04,"Img 19, Img 20",Trousers,Worn-photo data quality,"BOT-04 is the FIRST item in the catalog with worn-photo ground truth. Fit, silhouette, and drape fields are now high-confidence rather than provisional flat-lay reads. All earlier entries (TOP-01 through BOT-03 + TOP-07, TOP-08) still need worn photos.",Prioritize capturing worn photos for the remaining items as you go
BOT-05,Img 14,Shorts,Condition - design vs wear,"Distressing at thighs is clearly intentional (clean rip placement, symmetrical-ish). However additional ambient wear/fading is possible on top of the design distressing - cannot fully separate the two from photo.",Physical inspection - mainly cosmetic question
BOT-06,Img 15,Shorts,Brand identification,"Inner waistband label shows partial text - '& Jones' fragment is readable, plus a separate 'REGULAR' fit indicator. Strong hint at Jack & Jones (or Selected by Jack & Jones) but not 100% confirmed.",Read the full inner label to confirm brand
BOT-06,Img 15,Shorts,Skin tone caution,"Warm sand/beige is close to a light brown skin tone. Below-the-waist, the risk of 'disappearing' is lower than a top (legs are further from the face), but the piece will still mute the outfit if paired with another warm-neutral on top. Flagged for downstream pairing logic.",No action - flag is for Pass 2 pairing decisions
BOT-07,Img 16,Shorts,Condition - factory wash vs genuine wear,Faded chambray look is consistent with both a stylistic light wash AND genuine wear over time. Affects how this piece reads (rugged-loved vs polished-casual).,Physical inspection - affects styling register
BOT-08,"Img 17, Img 18",Jeans,POSSIBLE DUPLICATE of BOT-03,"BOT-03 (flat lay, Img 10) is a faded black 'authentic' (Wrangler Authentics suspected) regular-fit jean with significant visible fading. BOT-08 (worn, Img 17 + 18) is darker overall with much less visible fading. Could be: (a) same jeans, different lighting; (b) two different black jeans; (c) BOT-03 is older/more-worn and BOT-08 is a newer rotation pair. Cannot resolve from photos.","PHYSICAL CHECK NEEDED - hold both jeans side by side. If same, merge BOT-08 into BOT-03 and update Image References. If different, keep separate."
BOT-08,"Img 17, Img 18",Jeans,Brand identification,Small leather/PU patch at back-right waist visible but logo not readable.,Inspect the back patch physically
BOT-09,Img 21,Jeans,Brand identification,Brand is unidentified. Possible markings on waistband in worn photo but not legible.,Inspect physical waistband tag to confirm brand
BOT-10,"Img 22, 23",Trousers,Possible duplicate check,BOT-10 (black wide-leg trousers from worn shots) may be similar to existing BOT-02 if similar brands/fabrics. Visual comparison needed.,Compare BOT-02 (flat lay) with BOT-10 (worn) to confirm they are different items or merge if identical
BATCH-02,Img 21-52 (partial),Multiple,Incomplete coverage,"This batch covers selective items from the 102 unprocessed images (approximately 30-35 images cataloged). Remaining 65-70 images contain additional items, repeat angles, and flat lays that are part of existing items.","Review remaining unprocessed images to identify any NEW distinct items not yet captured. Most remaining images are likely duplicate angles, flat lays, or outfit combinations of already-cataloged pieces."
BATCH-FINAL,Img 21-60 (approx.),Multiple,Batch 02 completion status,"Batch 1 added 10 catalog items (BOT-09 through TOP-13, Img 21-41). Batch 2 (this batch) adds TOP-14 to TOP-15 (Img 42-60). Remaining ~40-50 images from the 102 unprocessed are likely: (a) duplicate angles of already-cataloged items, (b) flat lays of items shown in worn photos, (c) outfit combinations, (d) possibly a few additional tops or bottoms not yet reviewed.","After this batch, recommend viewing remaining 40-50 unprocessed images to identify any additional NEW distinct items. Many will be duplicate angles or flat lays of already-cataloged pieces."
BATCH-02-COMPLETION,Img 1-60+ (partial of 122 total),Multiple,"Pass 1, Batch 02 completion summary","Total items cataloged across Batches 1-3: 30 unique items (BOT-01 through BOT-13, TOP-01 through TOP-17). Approximately 47 image mappings recorded. Remaining ~55 unprocessed images from the 102 are expected to be: (a) duplicate angles of already-cataloged items, (b) flat lays of worn-photo items, (c) outfit combinations.","Recommend final pass through remaining 55 images to confirm no additional DISTINCT items exist, then consolidate all outfit shots into FIT-XX category"
WARDROBE-GAPS,All batches,Multiple,Styling observations - missing categories,"Observations from current Pass 1: (1) No formal shoes/loafers cataloged yet (items reviewed are all tops/bottoms/casual wears). (2) No jackets beyond casual overshirts. (3) Limited formal dress pieces (mostly office casual). (4) No accessories visible. (5) Color palette: warm earth tones (olives, tans, creams) + cool darks (navy, black) + grey neutrals. Strong coordination around these.  (6) Fit tendency: athletic frame suited to tapered/slim-straight cuts; several relaxed fits work because of quality fabrics. (7) Occasions covered: mostly casual hangout/brunch/office casual/date night casual. Less coverage for upscale date/formal party.","After complete inventory, review for styling gaps per user's stated occasions (office/date nights/parties/restaurants/boys hangouts). Identify pieces that could complement the existing wardrobe."
SHOES-CATEGORY,Img 51 to 53,Shoes,Shoes identified in Pass 1,"Three shoe types cataloged: (1) Cream canvas high-tops (SHO-01) - street/casual wear, (2) Tan/white color-block low-tops (SHO-02) - street/casual/warm weather, (3) Cream slippers (SHO-03) - home wear only. No formal shoes (loafers, oxfords, dress shoes) identified yet.",Consider adding formal footwear for office/upscale date nights/parties to complete wardrobe coverage
TOP-07,Img 56-62,Shirt,Worn photo coverage (RESOLVED),TOP-07 flat lay (Img 11) now has ground-truth worn photo evidence (Imgs 56-62). Multiple angles show the mandarin collar shirt with the indigo dot pattern. Fits true to relaxed read - sits well on athletic frame.,Catalog fit/drape now validated by worn photos
TOP-20,Img 68-73,Shirt,Olive shirt ground truth,TOP-20 is an olive-green short-sleeve button-up with mandarin collar. Worn photos (Img 68-73) show relaxed fit that suits athletic frame well. Color is a warm olive that complements warm Indian complexion excellently.,Worn photo ground truth confirmed
BOT-06,"Img 74, Img 75, Img 76, Img 77, Img 78",Shorts,Worn photos now available,"BOT-06 was previously flat-lay only (Img 15). Five worn photos from this batch confirm shape: regular fit, mid-rise, above-knee length, straight silhouette. Fabric has subtle linen-look texture confirmed. DAMENSCH label visible in Img 78 is underwear waistband, not shorts brand — BOT-06 brand remains possibly Jack & Jones / Selected.",User to physically check label on sand chino shorts to confirm if Jack & Jones / Selected — flag from original Img 15 still open
TOP-20,"Img 74, Img 75",Shirt,Additional worn angles added,Two new worn images (12.15.12–13 AM) merged into TOP-20 — taken 1 second after the original session (last was 12.15.11 AM). Continuation of same outfit photo set.,No action — confirms existing data
TOP-21,"Img 79, Img 81",T-Shirt,Skin tone note,Honey gold / warm amber is NOT in the caution zone (beige/sand/tan/pastel yellow). The saturation and warmth of this color provides visible contrast against light brown skin. No caution flag raised.,No action — flag is for downstream pairing decisions
TOP-22,"Img 89, Img 91",Shirt,New item identified — Zara linen V-neck shirt,New TOP-22 added: Zara-branded cream/off-white open V-neck band-collar short-sleeve linen shirt with a boxy/cropped cut. Brand confirmed from neck label visible in Img 91 flat lay. Worn photo (Img 89) shows boxy drape across shoulders and a hem that sits at the natural waist. Skin-tone caution flag set: cream/off-white risks washing out against light brown skin in soft lighting.,No action — flag is for downstream pairing decisions
TOP-04,"Img 87, Img 88",T-Shirt,Worn-photo coverage (RESOLVED),TOP-04 (faded indigo/blue acid-wash graphic tee with 'Wild Earth'-style arch/foliage chest graphic) now has worn-photo ground truth (Imgs 87-88). Confirms fit reads relaxed/oversized on athletic frame (more relaxed than the flat-lay-only entry implied) and confirms the acid-wash + graphic combination is the focal point. Previously flat-lay only (Img 5).,Fit/silhouette fields in catalog can be promoted from provisional flat-lay reading to ground-truth
BOT-11,"Img 83, Img 84, Img 85, Img 86, Img 87, Img 88, Img 89",Trousers,Additional worn-photo coverage across multiple outfits,"BOT-11 (olive-tan wide-leg pleated trousers) appears in 7 additional worn images this batch — paired with TOP-13 (cream crew tee, Imgs 83-86), TOP-04 (acid-wash graphic tee, Imgs 87-88), and TOP-22 (Zara cream linen V-neck, Img 89). All from the same session. Confirms drape and color are consistent across outfits.",No action — additional reference images
TOP-13,"Img 83, Img 84, Img 85, Img 86",T-Shirt,First worn-outfit coverage,TOP-13 (cream/off-white crew tee) now appears as a worn outfit with BOT-11 (olive-tan wide-leg trousers). Four worn images. Confirms fit reads relaxed on athletic frame. Skin-tone caution flag (existing) is borne out — the cream tee + warm olive trouser combination is a low-contrast warm-on-warm block; works in soft lighting but can mute the outfit.,"Downstream: when pairing TOP-13, prefer high-contrast bottoms (charcoal, black, indigo) over warm neutrals to avoid the wash-out risk"
TOP-11,Img 90,Shirt,POSSIBLE DUPLICATE or NEW similar shirt,"Img 90 shows a white long-sleeve button-up shirt with single chest pocket and point/button-down collar. Tentatively mapped to TOP-11 (cream/off-white long-sleeve button-up with chest pocket). However, the shirt in Img 90 reads as pure white whereas TOP-11 worn photos (Imgs 38-39) read clearly cream. Could be: (a) TOP-11 in different lighting, (b) a separate similar white button-up. Both have a single chest pocket which is a distinctive shared detail.","PHYSICAL CHECK NEEDED — compare TOP-11 shirt directly to the shirt in Img 90. If different, split into a new TOP-XX entry."
BOT-10,Img 90,Trousers,Bottom identification ambiguous,"Black full-length fabric trousers (not denim) in Img 90 are tentatively mapped to BOT-10 (black wide-leg trousers). Silhouette in Img 90 reads slightly less wide than BOT-10's prior worn photos (Imgs 22-23) — could be lighting/angle, or could be a separate black fabric trouser not yet cataloged. Not BOT-12 (cropped) since these reach the floor. Not BOT-08 (denim).",PHYSICAL CHECK NEEDED — confirm whether this is BOT-10 or a separate black trouser
—,Img 91,Shirt,Possible uncataloged white mandarin-collar shirt,"Bottom of Img 91 (flat lay) shows a partially-visible WHITE MANDARIN/BAND-COLLAR shirt distinct from TOP-22 (the Zara shirt on top). This bottom shirt does not match TOP-07 (white mandarin collar — but TOP-07 has an indigo dot print, not solid white). It is likely a new uncataloged solid-white mandarin/band-collar shirt. Cannot catalog as a new entry from a partial view.",Re-photograph this bottom shirt fully laid flat to confirm if it is a new uncataloged item
—,Img 82,—,Low-information transition shot,"Img 82 is a top-down POV of bare feet on a patterned rug, taken mid-outfit-change. The honey-gold garment held in the basket below is consistent with TOP-21 (honey gold oversized tee) — mapped on that basis. The slate/charcoal grey full-length trousers visible at the top of the frame are not confidently identifiable from this angle (medium-weight, possibly jersey or chino; could be an uncataloged item or one of the existing dark trousers in difficult lighting).","No action — flag for context only; if more grey trousers appear in later batches, watch for a possible new BOT-XX"
TOP-02,"Img 95, 96, 98",Shirt,Worn-photo coverage (RESOLVED),"TOP-02 (indigo tropical/botanical print shirt) now has ground-truth worn photos (Imgs 95-98). Previously the lowest-fidelity entry — only a folded/bunched flat lay (Img 2). Worn photos confirm: mandarin/band collar, bold tropical print with large leaves/berries/foliage motifs, relaxed fit through torso, hem sits at hip. Sleeves are worn rolled to 3/4 length. The print is high-impact and reads as a clear statement piece.","Original observation requesting re-photo is now RESOLVED. Fit, neckline, silhouette, and length fields updated in catalog."
TOP-02,"Img 95, 96, 98",Shirt,Styling note — statement piece,TOP-02 is one of the boldest prints in the wardrobe. The indigo base with warm cream/red/green botanical motifs creates strong visual interest. Works excellently against warm Indian skin — the indigo base provides contrast while the warm accents harmonize.,"Downstream: pair with solid dark bottoms (black, navy, charcoal) to let the print carry the outfit. Avoid pattern-on-pattern."
TOP-24,"Img 97, 99, 100, 101",Shirt,New item — cream serpentine-print mandarin shirt,"NEW TOP-24 added: Cream/off-white base with olive/dark-green abstract serpentine/dotted-swirl all-over pattern. Mandarin collar, long sleeves (worn rolled to 3/4), single chest pocket with contrasting edge stitching. Block-print aesthetic. Relaxed fit confirmed from 4 worn photos. The pattern has an artisan/hand-printed quality.",Brand unidentified — inspect neck tag. The print style is reminiscent of Indian block-print (possibly Fabindia or similar artisan brand — same genre as BOT-07).
TOP-24,"Img 97, 99, 100, 101",Shirt,Skin tone note,Cream base carries slight wash-out risk but the olive-green all-over pattern provides sufficient visual interest and breaks the monotone. The olive accents harmonize well with warm Indian skin. Not flagged as a caution — the pattern density rescues the cream base from blending into skin tone.,No action — no caution flag needed; downstream pairing guidance: pair with dark bottoms for best contrast.
TOP-22,"Img 93, 94",Shirt,Additional worn-photo coverage,TOP-22 (Zara cream linen V-neck boxy shirt) now has 2 additional worn images from this batch (Imgs 93-94) on top of the previous Img 89 and Img 91 flat lay. Full-body shot with BOT-10 (black trousers) confirms the boxy/cropped silhouette and linen drape. The cream-on-black combination provides good high-contrast pairing.,No action — additional reference images.
BATCH-04,Img 92-101,Multiple,Batch 04 completion summary,"Batch 04 processed 10 images (Img 92-101). Results: 2 NEW catalog items added (TOP-23, TOP-24), 2 existing items updated with new worn photos (TOP-02 first worn photos, TOP-22 additional angles). 21 uncataloged images remain. All 10 images in this batch were worn photos from the same mirror-selfie session (12.16.26-12.16.30 AM).",Continue with remaining 21 uncataloged images in next batch.
TOP-25,"Img 102, 103, 104, 108",Shirt,New item — charcoal quatrefoil-print shirt with yellow trim,NEW TOP-25 added: Charcoal/dark grey base with large-scale cream quatrefoil/clover repeat pattern. Distinctive yellow/gold contrast piping at mandarin collar and sleeve cuffs — this is the only item in the wardrobe with contrast-color trim. Relaxed/slightly boxy fit confirmed from 3 worn photos + 1 flat lay. The combination of bold pattern + contrast trim makes this one of the highest-visual-weight pieces in the wardrobe.,Brand unidentified — inspect neck tag. The print style and yellow trim suggest a contemporary Indian brand or designer label.
TOP-25,"Img 102, 103, 104",Shirt,Styling note — high-impact statement piece,"TOP-25 is one of the wardrobe's boldest pieces alongside TOP-02 (indigo tropical print) and TOP-12 (charcoal floral). The charcoal-on-cream quatrefoil pattern is graphic/geometric rather than organic, giving it a more modern/retro feel vs the botanical prints. The yellow collar trim frames the face warmly.","Downstream: pair ONLY with solid dark bottoms (black, charcoal, navy). The pattern + trim carry all the visual interest. Avoid pattern-on-pattern."
TOP-26,"Img 110, 111",Shirt,New item — grey overshirt/shacket,"NEW TOP-26 added: Light grey/stone heavyweight overshirt (shacket) with spread collar, dual chest pockets, and large buttons. Heavyweight cotton twill fabric — structured enough to hold shape when worn open as an outer layer. This is the FIRST true layering/outerwear piece in the catalog (TOP-14 cream overshirt is lighter weight). Worn over a white tee in the photos.","Brand unidentified — inspect neck tag. This fills a gap in the wardrobe: a cooler-weather layering piece that isn't a sweater (TOP-03, TOP-15)."
TOP-26,"Img 110, 111",Shirt,Wardrobe gap observation — outerwear/layering,"TOP-26 is only the second outerwear/layering piece cataloged (after TOP-14 cream overshirt). The wardrobe has strong coverage for warm-weather casual/office pieces but is thin on layering options for cooler weather, monsoon evenings, or AC-heavy offices. A dark (navy, charcoal, or olive) jacket/overshirt would complement TOP-26 nicely. Also notable: a denim jacket appears to be hanging on the wardrobe door/rack in multiple mirror selfies — this has NOT been photographed as a standalone item yet.",Recommend: (1) photograph the denim jacket hanging on the rack if it is a worn item; (2) consider whether more layering pieces are needed for the office and date night occasions.
BATCH-05,Img 102-111,Multiple,Batch 05 completion summary,"Batch 05 processed 10 images (Img 102-111). Results: 2 NEW catalog items added (TOP-25 charcoal quatrefoil shirt, TOP-26 grey overshirt), 1 existing item updated with first worn photos (TOP-01 white tee). 11 uncataloged images remain. Notable: this batch revealed a denim jacket hanging on the wardrobe rack in background — not yet photographed as a standalone item.",Continue with remaining 11 uncataloged images in next batch.
TOP-26,Img 112-116,Shirt,Additional worn + flat lay coverage,"TOP-26 (grey overshirt/shacket) now has 7 total images: 2 original worn (Img 110-111) + 3 new worn angles (Img 112-113 buttoned, Img 115 open over tee) + 2 flat lays (Img 114, 116). Flat lays reveal a small black woven brand label at the lower hem — may be legible upon physical inspection. Worn-buttoned photos show the overshirt also works as a standalone shirt (not just a layering piece).",Inspect the small black woven label at the hem to identify brand. Also note: TOP-26 works both buttoned (as a shirt) and open (as a layer) — update styling guidance accordingly.
SHO-02,Img 119-120,Shoes,Additional angles + color clarification,"SHO-02 (Comet sneakers) now has top-down views (Imgs 119-120) in addition to the original back view (Img 52). The top-down angle reveals: white leather toe box with perforated detailing, olive/khaki mudguard panels, and dark green collar lining — these details were not visible from the original back view. The shoe is more multi-tonal than originally cataloged (brown/tan + white); updated secondary color to include olive/khaki. This makes SHO-02 more earth-toned and versatile than the original entry suggested.",No action — catalog color fields updated to reflect full color palette.
SHO-04,Img 121,Shoes,New item — Nike Air Force 1 all-black,"NEW SHO-04 added: All-black Nike Air Force 1 low-top sneakers. Brand confirmed from visible AF1 lace tag and NIKE AIR tongue branding. Full leather construction with perforated toe box. Condition shows regular use (creasing on leather vamp, some wear on sole edges) but structurally sound. This is the FIRST black shoe in the wardrobe and fills a significant gap — previously all footwear was cream/white/tan-toned (SHO-01 cream high-tops, SHO-02 white/tan/olive low-tops, SHO-03 cream slippers). The all-black AF1 provides a versatile dark anchor for outfits.",No action — item fully cataloged from photo. Only one angle available (top-down). A side-profile photo would help document sole condition.
BATCH-06,Img 112-121,Multiple,Batch 06 completion summary,"Batch 06 processed 10 images (Img 112-121). Results: 1 NEW catalog item added (SHO-04 Nike Air Force 1 black). 3 existing items updated with additional photos: TOP-26 (+5 images: 3 worn + 2 flat lay), TOP-15 (+2 full-length worn), SHO-02 (+2 top-down flat lays + color data updated). 1 uncataloged image remains (Img 122: WhatsApp Image 2026-05-18 at 12.17.10 AM.jpeg — black dual-buckle slide sandals, likely a new SHO-05).",Process the final remaining image in the next batch to complete the Raw Images catalog.
WARDROBE-GAPS-UPDATE,All batches,Shoes,Shoes category gap assessment update,"With SHO-04 (black Nike AF1) added, the footwear collection now has 4 items: SHO-01 (cream canvas high-tops), SHO-02 (white/olive/tan Comet low-tops), SHO-03 (cream slippers — home only), SHO-04 (all-black Nike AF1). The remaining uncataloged image appears to be black dual-buckle slide sandals (Birkenstock-style). After that: formal shoes (loafers, oxfords, monks) remain absent from the catalog. For office, upscale date nights, and restaurants, the AF1 can work smart-casual but a proper leather shoe would elevate significantly.",Consider adding formal footwear for office/date night/restaurant occasions. The current lineup covers casual and street well but lacks any dressy option.
SHO-05,Img 122,Shoes,New item — black dual-buckle slide sandals,"NEW SHO-05 added: All-black dual-buckle slide sandals in the Birkenstock Arizona style. Two wide adjustable straps with metal buckles; molded contoured footbed. Brand cannot be confirmed from photo — small embossed markings are visible on the footbed but not legible. Condition is good with signs of regular use. This adds the first open-toe/casual sandal to the wardrobe, complementing the sneaker-heavy footwear lineup (SHO-01 high-tops, SHO-02 low-tops, SHO-04 AF1s).","Inspect embossed markings on footbed to confirm brand (Birkenstock, Birkenstock EVA, or third-party). A side-profile photo would help document sole thickness and strap construction."
BATCH-07-FINAL,Img 122,Multiple,Batch 07 (FINAL) completion summary — ALL 122 RAW IMAGES NOW CATALOGED,"Batch 07 processed the final 1 uncataloged image (Img 122). Result: 1 NEW catalog item added (SHO-05 black slide sandals). ALL 122 raw images in the Raw Images/ folder are now mapped in image_reference_map.csv. Pass 1 metadata cataloging is COMPLETE. Final inventory: 46 unique items — 26 tops (7 tees, 16 shirts, 3 sweaters), 15 bottoms (7 trousers, 3 jeans, 5 shorts), 5 shoes (2 sneakers low-top, 1 sneaker high-top, 1 slipper, 1 slide sandal). No outfit (FIT-XX) entries have been created yet — these can be built from the multi-item worn-photo pairings already documented in the image reference map.","Pass 1 is complete. Recommended next steps: (1) Physical verification pass for flagged items (brand IDs, possible duplicates like BOT-05 vs BOT-14, BOT-03 vs BOT-08). (2) Create FIT-XX outfit entries from the outfit-shot pairings already documented. (3) Begin Pass 2 — pairing logic, outfit generation, and gap analysis against stated occasions."
WARDROBE-FINAL-INVENTORY,All (Img 1-122),Multiple,Complete wardrobe inventory summary,"FINAL FOOTWEAR LINEUP: SHO-01 (cream canvas high-tops — street/casual), SHO-02 (white/olive/tan Comet low-tops — casual/street), SHO-03 (cream slippers — home only), SHO-04 (all-black Nike AF1 — versatile dark anchor), SHO-05 (black dual-buckle slides — casual/coastal/resort). Coverage: casual/street (SHO-01, SHO-02, SHO-04), warm-weather/resort (SHO-05), home (SHO-03). GAP REMAINS: no formal shoes (loafers, oxfords, monks, chelsea boots) for office, upscale date nights, or restaurants.",Consider acquiring formal footwear to complement the existing casual lineup. A tan/brown leather loafer or a black chelsea boot would significantly expand outfit options for dressier occasions.
BOT-08?,Img 10,Jeans,Possible merge candidate,"Img 10 (faded black 'authentic' Wrangler-style jeans flat lay) was invalidated as BOT-03. The user may have determined: (a) BOT-03 and BOT-08 are the same physical pair (in which case Img 10 should be merged into BOT-08 references), or (b) BOT-03 was a separate pair that was disposed of. Currently left unmapped.","Confirm intent: should Img 10 be merged into BOT-08 references, or fully removed from cataloging?"
BOT-12 (invalidated),Img 26,Trousers,Re-photographed orphan,Img 26 shows black relaxed/straight-leg trousers with elastic-style waistband — silhouette matches former BOT-12 (cropped black trousers) that user invalidated. Kept unmapped pending confirmation.,"Confirm: is this the same disposed BOT-12, or a different uncataloged black trouser (e.g. lounge / jersey pant) still in the wardrobe?"
BATCH-08,"Img 7, 10, 13, 23, 24, 26, 27, 28, 29, 54",Multiple,Batch 08 completion summary,"Batch 08 processed 10 previously-invalidated/unmapped images (alphabetical order). Results: 0 NEW catalog items created. 4 existing items received additional image references: TOP-20 (+Img 7 flat lay), BOT-10 (+Img 13 flat lay, +Img 24 worn side), BOT-11 (+Img 23 worn front, +Img 28 worn front), BOT-13 (+Img 29 worn front). 4 images intentionally left unmapped pending user input (Imgs 10, 26, 27, 54 — likely correspond to user-invalidated BOT-03 and BOT-12). 27 unprocessed images remain.","User to confirm intent for Imgs 10, 26, 27, 54 — merge into existing items or fully exclude."
BOT-13,Img 29,Trousers,Pattern verification,"Img 29 worn-front view reads as a vertical stripe pattern (cream base with thin grey vertical lines), not plaid as currently catalogued. The catalog row says 'Plaid' but earlier description hedges 'plaid (subtle stripe)'. Recommend re-reviewing flat lay (Img 33) to confirm whether pattern is genuine plaid (with horizontal lines) or pure vertical stripe.",User to physically inspect garment OR re-review Img 33 closely
BOT-14,Img 10,Jeans,Brand identification,"Visible waistband text appears to read 'Authentics' / 'Wrangler' style label, suggesting Wrangler Authentics line. Catalog brand entered as 'Wrangler (Authentics) — tentative'. No clean tag shot available.",User to physically verify brand from inner tag and update catalog
BOT-15,"Img 26, Img 27",Trousers,POSSIBLE DUPLICATE of BOT-10,BOT-15 (this item) and BOT-10 are both black wide-ish trousers from the same photo session. BOT-15 reads as matte cotton/twill with straight cut and no pleating; BOT-10 reads as smooth poly-viscose wide-leg with pleats and slight sheen. Cataloged as separate items but possible they are the same garment in different lighting/fold. Different worn-fit reading suggests they are distinct.,User to confirm whether these are two distinct items or duplicate cataloging
BOT-16,Img 54,Trousers,Use-case classification,"Cataloged as lounge / jogger pants (formality 1) based on drawstring + soft fabric appearance. If user wears these as streetwear/casual rather than only at home, occasion tags and formality should be revisited.",User to confirm intended use (loungewear vs casual streetwear)
GENERAL,Img 27,—,Ref-map type correction,Img 27 was previously typed as 'Flat lay' in image_reference_map.csv but the image is actually a worn side-profile mirror selfie. Corrected to 'Worn photo' in this batch.,No action — fix already applied
BOT-17,Img 80,Shorts,Brand identification,Brand confirmed as DAMENSCH from clearly visible inner-waistband label and distinctive purple/lavender button on front fly. Catalog brand updated from unidentified to DAMENSCH.,No action — confirmed
TOP-27,Img 92,Shirt,POSSIBLE DUPLICATE of TOP-11,TOP-27 (this item) and TOP-11 are both white solid long-sleeve button-ups with a single chest pocket on the left. TOP-11 is catalogued with a point/button-down collar; TOP-27 reads as mandarin/band collar in Img 92 close-up. They may be two distinct shirts (collar style differs) OR the same shirt photographed differently. User to physically verify whether wardrobe contains one or two white button-up long-sleeves.,User to physically verify whether TOP-11 and TOP-27 are two distinct shirts (collar style) or duplicate cataloging
GENERAL,"Img 80, Img 81",—,Ref-map description correction,Img 80 and Img 81 descriptions previously referenced 'BOT-15' for the dark charcoal DAMENSCH chino shorts. BOT-15 was reassigned to a black straight-leg trouser in batch 12 (2026-05-21). The DAMENSCH chino shorts are now BOT-17 and the descriptions for Img 80 + Img 81 have been corrected.,No action — fix applied
TOP-08,"Img 48, Img 55, Img 63",Shirt,Fit data upgraded from flat-lay to worn-photo ground truth,"TOP-08 previously had Fit Source 'Flat lay only'. Three new worn photos (Img 48 front, Img 55 front, Img 63 full-length with BOT-05) added in this batch. Fit/Silhouette/Drape Notes/Fit Source updated to reflect worn-photo ground truth: relaxed fit on athletic frame, drapes cleanly without bunching.",No action — fields updated
GENERAL,"Img 36, Img 37",Shirt,Ambiguity: TOP-11 vs TOP-27,"Img 36 and Img 37 show a cream/white long-sleeve button-up with single chest pocket worn with BOT-11 (olive trousers). Mapped to TOP-11 (white button-down collar) based on chest pocket placement and overall silhouette, but if TOP-11 and TOP-27 turn out to be the same garment (see related obs above) these may need re-mapping. Close-up of the collar in either image is unclear.",User to verify which white long-sleeve was worn in these photos when reviewing TOP-11/TOP-27 duplication question
SHOE-06,Img 123,Shoes,Brand identification,"Possible 'DC' (DC Shoes) stamp visible on heel cap in Img 123, but the photo is partial/angled and the letters are not clearly resolved. Catalog brand entered as Unidentified.",User to inspect inside tongue label / heel stamp on the physical pair and confirm brand
BOT-14,"Img 125, Img 128",Trousers,Skin tone caution,"Warm beige / cream chinos sit close to user's warm Indian skin tone — risk of low-contrast outfits when paired with cream/sand/tan tops. Best paired with high-contrast tops (black, charcoal, navy, deep olive).",No action — flag is for downstream pairing decisions
TOP-28,"Img 127, Img 129",T-Shirt,Condition vs design — speckling,"Tee shows visible white speckling across the body. Could be intentional acid-wash / distressed design, or actual wear/fade. Visually consistent across both photos — leaning toward intentional design but worth physical confirmation.",User to confirm whether speckling is a design feature or wear; update Condition field accordingly
TOP-28,"Img 127, Img 129",T-Shirt,Brand identification,"Band merch (TOOL) — could be official band merchandise (e.g., from a tour) or a third-party reprint. Quality matters for longevity.",User to check inner tag for brand/origin
TOP-29,"Img 131, Img 132",T-Shirt,Brand identification,"Band merch (A Perfect Circle, 'aPerfectCircle' arched text visible). Could be official band merchandise or third-party. Same flag pattern as TOP-28.",User to check inner tag for brand/origin
TOP-30,Img 133,T-Shirt,Brand identification,"Band merch (Megadeth, Vic Rattlehead skull figure visible). Could be official band merchandise or third-party reprint.",User to check inner tag for brand/origin
TOP-31,"Img 134, Img 136",T-Shirt,Brand identification,"Band merch (Gojira, distinctive spiral whale graphic visible). Could be official band merchandise or third-party reprint.",User to check inner tag for brand/origin
TOP-32,"Img 135, Img 140",T-Shirt,Color resolution,Color reads as muted dusty purple/lavender with mineral acid-wash. Cataloged as 'Muted dusty purple/lavender'. May reproduce slightly different under daylight — worth a second look.,User to confirm color in natural light
TOP-33,Img 137,Jacket,Condition vs design,"Hem reads as deliberately frayed/raw — design feature, not damage. Catalogued as 'Distressed (intentional)'. Worth confirming this is by design, not actual wear that needs repair.",User to confirm hem is intentional design
TOP-34,"Img 138, Img 139",T-Shirt,Brand identification,CARGO BAY wordmark visible as part of postal-stamp graphic — could be the actual brand of the tee (catalogued as brand) OR could just be the graphic content. Verify whether the inner tag also reads CARGO BAY.,User to check inner tag and confirm brand attribution
TOP-35,Img 141,Jacket,Brand identification,"Hand-applied appliqué work + sherpa patch suggests small-batch designer or artisan piece, possibly from Goa or a local Bangalore designer. No visible brand mark in worn photo. This is a STAR piece in the wardrobe.",User to confirm origin/brand; consider photographing inner label for archive
TOP-35,Img 141,Jacket,Pairing constraint,"Statement appliqué jacket — should always be the focal point. Avoid pairing with other statement items (band tees, loud plaid bottoms, bold prints). Best paired with neutral solid base layers (black/charcoal/white tee, dark trousers).",No action — flag is for downstream pairing decisions
TOP-36,Img 142,Shirt/Shacket,Pairing constraint,"Loud multicolor plaid — works best as the focal layer over a solid base. Avoid stacking with other patterns (no plaid + acid-wash, no plaid + graphic tee underneath).",No action — flag is for downstream pairing decisions
TOP-37,"Img 145, Img 147, Img 148, Img 151, Img 152",Shirt/Jacket,Skin tone caution + transparency,"Cream/ivory open-knit crochet shirt-jacket is doubly risky against warm Indian skin: (1) color sits close to skin tone, and (2) the open weave is partially sheer. Always pair with a dark base layer (black, charcoal, deep navy) — worn-open over a dark tee is the safest mode.",No action — flag is for downstream pairing decisions
TOP-37,"Img 145, Img 147, Img 148, Img 151, Img 152",Shirt/Jacket,Care / fabric,Open-knit crochet/lace garments are fragile — snag-prone and not machine-washable in normal cycles. Worth confirming care label for handwash or delicate-cycle requirement.,User to check inner care label
TOP-38,Img 149,Shirt,Versatility flag,"Black long-sleeve button-up is one of the highest-utility pieces in the wardrobe — works office to upscale date night, layered or solo. Versatility score 5/5 reflects this. Honest comparison: more versatile than TOP-11 (white) because black hides minor stains and pairs with cream/sand bottoms that white competes with.",No action — flag is for downstream pairing decisions
TOP-39,Img 150,T-Shirt,Daily-rotation status,"Basic black crew tee — cataloged as Daily rotation given how commonly used as a base layer. If actual wear is lower (e.g. owned but rarely worn), update Wear Frequency Estimate.",User to confirm wear frequency
TOP-40,Img 154-157,Shirt,Layering versatility,"Black mandarin-collar shirt works two distinct ways: buttoned-up as a refined alternative to a standard dress shirt (Img 154-155), or worn open as a soft over-layer above a black tee (Img 156-157). Versatility score 4/5 reflects this dual mode.",No action — flag is for downstream pairing decisions
TOP-41,"Img 158, Img 162",Shirt,POSSIBLE DUPLICATE of TOP-11,TOP-41 (this item) and TOP-11 are both white long-sleeve button-up shirts. Key differences observed: TOP-41 reads as point-collar with no visible chest pocket and slimmer drape; TOP-11 is catalogued with button-down collar AND single chest pocket and relaxed-oversized drape. Treating as separate items but flagging for user verification — they may be two distinct shirts (formal vs casual white) or duplicate cataloging.,User to verify whether wardrobe has two distinct white long-sleeve shirts (TOP-41 dress shirt + TOP-11 casual) or one
TOP-42,"Img 159, Img 161",Jacket,Formality cap,Oversized double-breasted blazer is the wardrobe's most formal piece. Pair with crisp white shirt (TOP-41) + dark trousers (BOT-10 black or BOT-04 navy) for upscale settings. Avoid layering over band tees or graphic items — defeats the structured tailoring.,No action — flag is for downstream pairing decisions
TOP-43,Img 160,Shirt,Pairing constraint,"Bold Greek-key all-over print — must pair with solid neutral bottoms (black, charcoal, dark navy). Avoid stacking with other patterns or graphic tees underneath.",No action — flag is for downstream pairing decisions
TOP-44,"Img 163, Img 164",T-Shirt,Brand identification,"Charcoal graphic tee with small red hand-print + text front graphic and large anime/illustration back graphic. Text on chest is partially readable but not resolvable to a specific brand/artist from the worn photos. Could be band merch, anime merch, or art collaboration.",User to check inner tag for brand/origin
TOP-45,Img 165,T-Shirt,Brand identification,Teal tiger graphic tee with 'Unknown Artist / 2022' style attribution visible at the bottom of the print. Likely a small-batch artist-collaboration piece. Title text at top reads (mirror-reversed) — possibly 'TALK A TIGER' or 'TALK [TO] TIGER'.,User to check inner tag for brand and confirm the title text
TOP-45,Img 165,T-Shirt,Color flag — jewel tone,"Teal is one of the most flattering jewel tones for warm Indian skin. Versatility is moderate (3/5) — pairs cleanly with charcoal, black, sand-beige, or cream bottoms; avoid pairing with olive (BOT-11) or muddy navy that competes with the teal.",No action — flag is for downstream pairing decisions
